{"cameraMode":{"drawMode":0,"name":"Shaded","section":"Shading Mode"},"sceneLighting":false,"audioPlay":false,"sceneViewState":{"showFog":true,"showMaterialUpdate":false,"showSkybox":false,"showFlares":true,"showImageEffects":true,"showParticleSystems":true},"in2DMode":false,"pivot":{"x":-1.0999999046325684,"y":0.5610642433166504,"z":-1.3315560817718506},"rotation":{"x":0.11970330029726029,"y":-0.7278306484222412,"z":0.131548672914505,"w":0.6622980833053589},"size":2.8851001262664797,"orthographic":false}