{"cameraMode":{"drawMode":0,"name":"Shaded","section":"Shading Mode"},"sceneLighting":true,"audioPlay":false,"sceneViewState":{"showFog":true,"showMaterialUpdate":false,"showSkybox":true,"showFlares":true,"showImageEffects":true,"showParticleSystems":true},"in2DMode":false,"pivot":{"x":4.717710971832275,"y":1.4407378435134888,"z":3.9448695182800295},"rotation":{"x":-0.12438415735960007,"y":-0.6036178469657898,"z":0.09605615586042404,"w":-0.7816387414932251},"size":5.439384937286377,"orthographic":false}